audio_name,customer_index,start,end,duration,start_hms,end_hms,method,score,source_conversation_ids
Sample1KN.mp3,1,267.96,308.392,40.432000000000016,04:27.960,05:08.392,top_2_longest_vad_candidates,40.432000000000016,5
Sample1KN.mp3,2,580.952,626.472,45.51999999999998,09:40.952,10:26.472,top_2_longest_vad_candidates,45.51999999999998,12
Sample2EN.mp3,1,17.848,209.0,191.152,00:17.848,03:29.000,top_2_longest_vad_candidates,191.152,1
Sample2EN.mp3,2,216.056,352.776,136.72,03:36.056,05:52.776,top_2_longest_vad_candidates,136.72,2
sample3KN.mp3,1,0.152,48.136,47.984,00:00.152,00:48.136,top_2_longest_vad_candidates,47.984,1
sample3KN.mp3,2,56.344,213.416,157.072,00:56.344,03:33.416,top_2_longest_vad_candidates,157.072,2
