approach,audio_name,customer_index,pred_start,pred_end,gt_start,gt_end,start_error_s,end_error_s,abs_start_error_s,abs_end_error_s,iou
approach_2_vad,Sample1KN.mp3,1,267.96,308.392,16.0,390.0,251.95999999999998,-81.608,251.95999999999998,81.608,0.1081069518716578
approach_2_vad,Sample1KN.mp3,2,580.952,626.472,520.0,660.0,60.952,-33.52800000000002,60.952,33.52800000000002,0.325142857142857
approach_2_vad,Sample2EN.mp3,1,17.848,209.0,18.0,390.0,-0.15200000000000102,-181.0,0.15200000000000102,181.0,0.5132311528622714
approach_2_vad,Sample2EN.mp3,2,216.056,352.776,525.0,921.0,-308.94399999999996,-568.2239999999999,308.94399999999996,568.2239999999999,0.0
approach_2_vad,sample3KN.mp3,1,0.152,48.136,0.0,142.0,0.152,-93.864,0.152,93.864,0.3379154929577465
approach_2_vad,sample3KN.mp3,2,56.344,213.416,148.0,362.0,-91.656,-148.584,91.656,148.584,0.21401837359646136
