approach,audio_name,customer_index,pred_start,pred_end,gt_start,gt_end,start_error_s,end_error_s,abs_start_error_s,abs_end_error_s,iou
approach_4_whisperx,Sample1KN.mp3,1,267.992,308.392,16.0,390.0,251.99200000000002,-81.608,251.99200000000002,81.608,0.10802139037433149
approach_4_whisperx,Sample1KN.mp3,2,580.952,626.472,520.0,660.0,60.952,-33.52800000000002,60.952,33.52800000000002,0.325142857142857
approach_4_whisperx,Sample2EN.mp3,1,17.848,413.832,18.0,390.0,-0.15200000000000102,23.831999999999994,0.15200000000000102,23.831999999999994,0.9394318962382319
approach_4_whisperx,Sample2EN.mp3,2,529.176,645.672,525.0,921.0,4.176000000000045,-275.328,4.176000000000045,275.328,0.29418181818181816
approach_4_whisperx,sample3KN.mp3,1,56.344,213.416,0.0,142.0,56.344,71.416,56.344,71.416,0.4013569741725082
approach_4_whisperx,sample3KN.mp3,2,227.384,269.32,148.0,362.0,79.38399999999999,-92.68,79.38399999999999,92.68,0.19596261682242994
