approach,audio_name,customer_index,pred_start,pred_end,gt_start,gt_end,start_error_s,end_error_s,abs_start_error_s,abs_end_error_s,iou
approach_5_hybrid,Sample1KN.mp3,1,0.031,268.023,16.0,390.0,-15.969,-121.97699999999998,15.969,121.97699999999998,0.6462641902305055
approach_5_hybrid,Sample1KN.mp3,2,268.023,661.818,520.0,660.0,-251.97699999999998,1.8179999999999836,251.97699999999998,1.8179999999999836,0.3555149252783809
approach_5_hybrid,Sample2EN.mp3,1,18.183,379.59,18.0,390.0,0.18299999999999983,-10.410000000000025,0.18299999999999983,10.410000000000025,0.971524193548387
approach_5_hybrid,Sample2EN.mp3,2,379.61,921.34,525.0,921.0,-145.39,0.34000000000003183,145.39,0.34000000000003183,0.7309914533069979
approach_5_hybrid,sample3KN.mp3,1,0.031,146.894,0.0,142.0,0.031,4.8940000000000055,0.031,4.8940000000000055,0.9664724222909036
approach_5_hybrid,sample3KN.mp3,2,148.379,362.472,148.0,362.0,0.3789999999999907,0.47199999999998,0.3789999999999907,0.47199999999998,0.9960321160804209
