approach,audio_name,mean_abs_start_error_s,mean_abs_end_error_s,mean_iou
approach_5_hybrid,Sample1KN.mp3,133.97299999999998,61.89749999999998,0.5008895577544432
approach_5_hybrid,Sample2EN.mp3,72.78649999999999,5.375000000000028,0.8512578234276924
approach_5_hybrid,sample3KN.mp3,0.20499999999999535,2.6829999999999927,0.9812522691856622
