conversation_id,start,end,duration,num_regions,start_hms,end_hms
1,0.152,48.136,47.984,1,00:00.152,00:48.136
2,56.344,213.416,157.072,9,00:56.344,03:33.416
3,218.68,220.904,2.223999999999989,1,03:38.680,03:40.904
4,227.384,269.32,41.93600000000001,6,03:47.384,04:29.320
5,276.376,315.016,38.64000000000004,5,04:36.376,05:15.016
6,320.472,332.584,12.112000000000023,2,05:20.472,05:32.584
7,340.056,362.5,22.444000000000017,3,05:40.056,06:02.500
