approach,audio_name,mean_abs_start_error_s,mean_abs_end_error_s,mean_iou
approach_1_energy_baseline,Sample1KN.mp3,107.16000000000003,0.6850000000000023,0.6969771012973263
approach_1_energy_baseline,Sample2EN.mp3,207.20000000000002,498.47,0.11762096774193548
approach_1_energy_baseline,sample3KN.mp3,0.20000000000000284,125.11,0.302534553113071
