conversation_id,start,end,n_regions,duration,start_hms,end_hms
1,0.2,48.1,1,47.9,00:00.200,00:48.100
2,56.3,213.4,9,157.10000000000002,00:56.300,03:33.400
3,218.7,220.9,1,2.200000000000017,03:38.700,03:40.900
4,227.4,269.3,6,41.900000000000006,03:47.400,04:29.300
5,276.4,315.0,5,38.60000000000002,04:36.400,05:15.000
6,320.5,332.6,2,12.100000000000023,05:20.500,05:32.600
7,340.1,362.5,3,22.399999999999977,05:40.100,06:02.500
